岩場,區域,路線ID,路線名稱,路線英文名,難度,找到數量,建議影片（標題 | URL）,選擇的YouTube影片,選擇的Instagram貼文
龍洞,音樂廳,LD-MUSIC-HALL-329,肥牛,Fat Cow,5.6,0,,,
龍洞,音樂廳,LD-MUSIC-HALL-330,瘦馬,Skinny Horse,5.9,0,,,
龍洞,音樂廳,LD-MUSIC-HALL-331,直上,Straight Up,5.12b,1,,,
龍洞,音樂廳,LD-MUSIC-HALL-332,最後懸岩,Last Overhang,5.11d,0,,,
龍洞,音樂廳,LD-MUSIC-HALL-333,最後巨石,Last Huge Rock,5.7,0,,,
龍洞,音樂廳,LD-MUSIC-HALL-334,曖昧,Indistinct,5.10c,0,,,
龍洞,音樂廳,LD-MUSIC-HALL-335,鼻子裂隙,Nose Crack,5.9,0,,,
龍洞,音樂廳,LD-MUSIC-HALL-336,第三隻鼻,The Third Nose,5.11d,0,,,
龍洞,音樂廳,LD-MUSIC-HALL-337,破臉,Ti Spacco la Faccia,5.10c,0,,,
龍洞,音樂廳,LD-MUSIC-HALL-338,直接嘗試,Direct Attempt,5.11d,0,,,
龍洞,音樂廳,LD-MUSIC-HALL-339,南西的嘗試,Nancy's Attempt,5.10b,0,,,
龍洞,音樂廳,LD-MUSIC-HALL-340,偷臉,Steal Your Face,5.10c,0,,,
龍洞,音樂廳,LD-MUSIC-HALL-340.1,心太軟 (紅棗麻糬),Red Dates Mochi,5.10b,0,,,
龍洞,音樂廳,LD-MUSIC-HALL-341,三隻右腳,Three Right Feet,5.10b,0,,,
龍洞,音樂廳,LD-MUSIC-HALL-342,右腳,Right Feet Direttissima,5.10b,0,,,
龍洞,音樂廳,LD-MUSIC-HALL-343,大鼻子情聖,Big Nose Valentino,5.10b,0,,,
龍洞,音樂廳,LD-MUSIC-HALL-344,大鼻子右,Big Nose Right,5.9,0,,,
龍洞,音樂廳,LD-MUSIC-HALL-345,裂隙我來了,Comeback Crack,5.8,0,,,
龍洞,音樂廳,LD-MUSIC-HALL-346,岩角我來了,Comeback Arête,5.11c,0,,,
龍洞,音樂廳,LD-MUSIC-HALL-347,我來了,Come Back,5.10a,0,,,
龍洞,音樂廳,LD-MUSIC-HALL-348,狗腿,Henchman,5.10c,0,,,
龍洞,音樂廳,LD-MUSIC-HALL-349,水煙袋,Hubble,5.12c,0,,,
龍洞,音樂廳,LD-MUSIC-HALL-350,勉勉強強,Reluctant,5.11a,0,,,
龍洞,音樂廳,LD-MUSIC-HALL-351,不要勉強,Don't Be Reluctant,5.10d,0,,,
龍洞,音樂廳,LD-MUSIC-HALL-352,馬爾莫拉達,Marmolada,5.9,0,,,
龍洞,音樂廳,LD-MUSIC-HALL-352.1,馬爾莫拉達右側懸岩,Marmolada Overhang,5.10a,0,,,
龍洞,音樂廳,LD-MUSIC-HALL-353,白色岩角,White Arête,5.9,0,,,
龍洞,音樂廳,LD-MUSIC-HALL-354,臨海茶室,Seaside Tea,5.9,0,,,
龍洞,音樂廳,LD-MUSIC-HALL-355,慢板,Lento,5.9,0,,,
龍洞,音樂廳,LD-MUSIC-HALL-356,倒拉夾手,Undercling Jam,5.11a,0,2021/11/21-龍洞-音樂廳-倒拉夾手-宸安完攀	https://www.youtube.com/watch?v=texvCIIlhaI,,
龍洞,音樂廳,LD-MUSIC-HALL-357,金字塔,Pyramid,5.8,1,,,
龍洞,音樂廳,LD-MUSIC-HALL-357.1,未收錄路線,Unlisted Route,5.9,0,,,
龍洞,音樂廳,LD-MUSIC-HALL-358,音樂廳煙囪,Musical Chimney,5.6,0,,,
龍洞,音樂廳,LD-MUSIC-HALL-358.1,小鯨魚頭左側,Little Whale's Head Left,5.10b,0,,,
龍洞,音樂廳,LD-MUSIC-HALL-358.2,小鯨魚頭右側,Little Whale's Head Right,5.8,0,,,
龍洞,音樂廳,LD-MUSIC-HALL-359,中華民國,ROC,5.12c,2,"攀岩龍洞 音樂廳/中華民國 | https://www.youtube.com/watch?v=CBrCMm7oIEM
中華民國 - 直上 | https://www.youtube.com/watch?v=f_SDlBGYcWo",,
龍洞,音樂廳,LD-MUSIC-HALL-360,大韓民國,ROK,5.11d,0,攀岩 龍洞 音樂廳/大韓民國	https://www.youtube.com/watch?v=U4WaSSMjLD8,,
龍洞,音樂廳,LD-MUSIC-HALL-361,超級假面,Super Face,5.13b,0,,,
龍洞,音樂廳,LD-MUSIC-HALL-362,一飛沖天,Rocket,5.11d,0,,,
龍洞,音樂廳,LD-MUSIC-HALL-363,鳥人,Bird Man,5.12a,0,,,
龍洞,音樂廳,LD-MUSIC-HALL-364,風平浪靜,Composure,5.10a,1,龍洞 - 音樂廳 - 風平浪靜(5.10a) | https://www.youtube.com/watch?v=E5psgerr6Fo,,
龍洞,音樂廳,LD-MUSIC-HALL-365,岩楔當家,The Nut Pitch,5.8,0,,,
龍洞,音樂廳,LD-MUSIC-HALL-366,大煙囪,Broad Chimney,5.8,0,,,
龍洞,音樂廳,LD-MUSIC-HALL-367,Fucking Fall,(又名：78決賽，或全員墜落),5.11a,6,"龍洞 攀岩 音樂廳 Fucking fall 5.11a | https://www.youtube.com/watch?v=2rj_09nNj7k
龍洞攀岩_Fucking Fall_漩 | https://www.youtube.com/watch?v=lpqP28ZhLeQ
Fucking Fall（該死的墜落）5.11a｜龍洞 | https://www.youtube.com/watch?v=4u-84ODebZk
The Fucking Fall (5.11a) at Long Dong coast. | https://www.youtube.com/watch?v=cklnu8SRtV0
Milk makes easy work of Fucking Fall | https://www.youtube.com/watch?v=rcB9_aNvIF0
2021/02/21-龍洞-音樂廳-Fucking Fall-Jam第一次嘗試 (1) | https://www.youtube.com/watch?v=-e1KF_8m0Rk
2021/02/21-龍洞-音樂廳-Fucking Fall-Jam第一次嘗試 (2)	https://www.youtube.com/watch?v=Fkv5eYPv478",,
龍洞,音樂廳,LD-MUSIC-HALL-368,龍發堂,Long Fatang,5.11d,0,,,
龍洞,音樂廳,LD-MUSIC-HALL-369,大鼓,Big Drum,5.11b,3,"大鼓 5.11b 運攀 Big Drum 5.11b Sport | https://www.youtube.com/watch?v=_ceH4G79iW0
攀岩 龍洞 音樂廳/大鼓 | https://www.youtube.com/watch?v=ioaoMkbx8Y4
龍洞＿大鼓 | https://www.youtube.com/watch?v=oiOQpsvp5ME",,
龍洞,音樂廳,LD-MUSIC-HALL-370,挫敗,Frustration,5.10c,0,,,
龍洞,音樂廳,LD-MUSIC-HALL-371,豎琴,Fingercrack,5.11c,1,龍洞 - 音樂廳 - 豎琴（5.11c/6c+) | https://www.youtube.com/watch?v=c6ZzhlN5BnI,,
龍洞,音樂廳,LD-MUSIC-HALL-372,音樂廳岩角,Musical Arête,5.12b,0,康師傅-音樂廳岩角	https://www.youtube.com/watch?v=PVNu85ERDHg,,
龍洞,音樂廳,LD-MUSIC-HALL-373,煙囪橫渡,Chimney Connector,5.12b,0,,,
龍洞,音樂廳,LD-MUSIC-HALL-374,熱門橫渡,Traffic Jam Traverse,5.11c,0,,,
龍洞,音樂廳,LD-MUSIC-HALL-375,第八條5.11,The Eighth Eleven,5.11a,0,,,
龍洞,音樂廳,LD-MUSIC-HALL-376,7-Eleven-A,,5.11c,0,,,
龍洞,音樂廳,LD-MUSIC-HALL-377,7-Eleven-B,,5.11b,0,,,
龍洞,音樂廳,LD-MUSIC-HALL-378,7-Eleven-C,,5.11a,0,,,
龍洞,音樂廳,LD-MUSIC-HALL-379,7-Eleven-D,,5.11c,0,,,
龍洞,音樂廳,LD-MUSIC-HALL-380,7-Eleven-E,,5.11b,0,,,
龍洞,音樂廳,LD-MUSIC-HALL-381,7-Eleven-F,,5.11b,0,,,
龍洞,音樂廳,LD-MUSIC-HALL-382,7-Eleven-G,,5.11a,0,,,
龍洞,音樂廳,LD-MUSIC-HALL-383,結婚路線,Wedding Route,5.7,1,2014-10-21 龍洞攀岩場 路線383（結婚路線）,https://www.youtube.com/watch?v=tDgGodL6-u8,
龍洞,音樂廳,LD-MUSIC-HALL-384,東北角,Northeast Coast,5.8,3,,,
龍洞,音樂廳,LD-MUSIC-HALL-385,橫渡B到G,B2G Traverse,5.12b,0,,,
龍洞,音樂廳,LD-MUSIC-HALL-386,橫渡7-Eleven,7-Eleven Traverse,5.12c,0,,,
龍洞,音樂廳,LD-MUSIC-HALL-387,橫渡萬里長城,Great Wall Traverse,5.13a,0,,,
龍洞,音樂廳,LD-MUSIC-HALL-388,小三角,Small Triangle,5.8,0,,,
龍洞,音樂廳,LD-MUSIC-HALL-388.1,結婚路線平台內角,Wedding Route Ledge,5.6,0,,,
龍洞,音樂廳,LD-MUSIC-HALL-389,大三角,Big Triangle,5.11d,0,,,
龍洞,音樂廳,LD-MUSIC-HALL-390,演奏台一,RH1,5.6,0,,,
龍洞,音樂廳,LD-MUSIC-HALL-391,演奏台二,RH2,5.7,0,,,
龍洞,音樂廳,LD-MUSIC-HALL-392,演奏台三,RH3,5.6,0,,,
龍洞,音樂廳,LD-MUSIC-HALL-393,演奏台四,RH4,5.6,0,,,
龍洞,音樂廳,LD-MUSIC-HALL-394,演奏台五,RH5,5.3,0,,,
龍洞,音樂廳,LD-MUSIC-HALL-395,小提琴,Small Violin,5.9,0,,,
龍洞,音樂廳,LD-MUSIC-HALL-396,二胡,Chinese Fiddle,5.7,0,,,
龍洞,音樂廳,LD-MUSIC-HALL-397,95魔障,Devil's Challenge,5.??,0,,,
龍洞,音樂廳,LD-MUSIC-HALL-398,舞臺作手,Stagehand,5.9,0,,,
龍洞,音樂廳,LD-MUSIC-HALL-399,佈景,Backdrop,5.9,0,,,
龍洞,音樂廳,LD-MUSIC-HALL-400,二胡天花板,Chinese Fiddle Roofs,5.10c,0,,,
龍洞,音樂廳,LD-MUSIC-HALL-400.1,名稱待確認,TBC,5.10c,0,,,
龍洞,音樂廳,LD-MUSIC-HALL-401,包廂內角,Balcony Dihedral,5.8,0,,,
龍洞,音樂廳,LD-MUSIC-HALL-401.1,包廂內角 | P2,Balcony Dihedral | P2,5.10a,0,,,
龍洞,音樂廳,LD-MUSIC-HALL-401.2,未命名路線,Unnamed Route,5.??,0,,,
龍洞,音樂廳,LD-MUSIC-HALL-402,七號包廂,Balcony Seven,5.7,0,,,
龍洞,音樂廳,LD-MUSIC-HALL-403,包廂巡禮,Balcony Cruise,5.9,0,,,
龍洞,音樂廳,LD-MUSIC-HALL-404,包廂聚會,Balcony Party,5.10a,0,,,
龍洞,音樂廳,LD-MUSIC-HALL-405,天空之城四,Yum Yum Sky Wall 4,5.11d,0,,,
龍洞,音樂廳,LD-MUSIC-HALL-406,天空之城三,Yum Yum Sky Wall 3,5.12b,0,,,
龍洞,音樂廳,LD-MUSIC-HALL-407,天空之城二,Yum Yum Sky Wall 2,5.11b,0,,,
龍洞,音樂廳,LD-MUSIC-HALL-408,天空之城一,Yum Yum Sky Wall 1,5.11a,0,,,
龍洞,音樂廳,LD-MUSIC-HALL-409,有驚無險的斜板,Harmless Slab,5.10a,0,,,
龍洞,音樂廳,LD-MUSIC-HALL-410,有驚無險的內角,Harmless Corner,5.9,0,,,
龍洞,音樂廳,LD-MUSIC-HALL-411,有驚無險,Harmless Horror,5.10c,0,,,
龍洞,音樂廳,LD-MUSIC-HALL-412,無傷之盾,Harmless Shield,5.10c,0,,,
龍洞,音樂廳,LD-MUSIC-HALL-413,和平之劍,Peaceful Sword,5.12a,0,,,
龍洞,音樂廳,LD-MUSIC-HALL-414,盾 (舊名：劍),Shield,5.11b,0,,,
龍洞,音樂廳,LD-MUSIC-HALL-415,劍 (舊名：劍直上),Sword,5.12a,0,,,
龍洞,音樂廳,LD-MUSIC-HALL-415.1,刀,Blade,5.11b,3,,,
龍洞,音樂廳,LD-MUSIC-HALL-416,小白鯨,Easy Dick,5.7,0,,,
龍洞,音樂廳,LD-MUSIC-HALL-417,白鯨記,Moby Dick,5.10a,2,"音樂廳｜白鯨記（5.10a） | https://www.youtube.com/watch?v=hj_kv_CD89c
Taiwan Rock Climbing : Moby Dick/白鯨記 | https://www.youtube.com/watch?v=g1QLCNhn-KI",,
龍洞,音樂廳,LD-MUSIC-HALL-417.1,星巴克,Starbuck,5.10b,0,,,
龍洞,音樂廳,LD-MUSIC-HALL-418,壁畫,Mural Wall,5.10c,1,傳統攀登 壁畫 5.10c | https://www.youtube.com/watch?v=v0x7NZN1pUQ,,
龍洞,音樂廳,LD-MUSIC-HALL-419,亞哈船長,Captain Ahab,5.11a,2,"Taiwan Rock Climbing :The Captan Ahab /亞哈船長(Falling) | https://www.youtube.com/watch?v=WX_1CEWW3VM
2018年5月7日, 龍洞, 亞哈船長, trad, 11A, 試爬 | https://www.youtube.com/watch?v=486jNy7ZAO0",,
龍洞,音樂廳,LD-MUSIC-HALL-420,叫我以實瑪利,Call Me Ishmael,5.5,0,,,
龍洞,校門口,LD-SCHOOL-GATE-521,電視人,Television Man,5.9,0,,,
龍洞,校門口,LD-SCHOOL-GATE-522,小生物煙囪,Little Creature Chimney,5.7,0,,,
龍洞,校門口,LD-SCHOOL-GATE-523,V槽,V-Groove,5.10b,0,,,
龍洞,校門口,LD-SCHOOL-GATE-524,無所不在,Man of Nowhere,5.11c,0,,,
龍洞,校門口,LD-SCHOOL-GATE-525,無名小卒,Nowhere Man,5.12a,2,"凱銘 龍洞校門口 無名小卒5.12a RP | https://www.youtube.com/watch?v=39oSLi3A2p4
小魏-無名小卒5.12a | https://www.youtube.com/watch?v=IceuuWtbtgQ",,
龍洞,校門口,LD-SCHOOL-GATE-526,水虎魚,Piranha,5.11c,3,https://www.youtube.com/watch?v=t5oAReFmu2k,,
龍洞,校門口,LD-SCHOOL-GATE-527,戰鬥,Fight,5.11c,1,"龍洞校門口 戰鬥 5.11C | https://www.youtube.com/watch?v=Dywk4HMwdMQ
https://www.youtube.com/watch?v=D1FwWIl4Q6k",,
龍洞,校門口,LD-SCHOOL-GATE-528,絕不低頭,Don’t Look Down,5.12a,0,,,
龍洞,校門口,LD-SCHOOL-GATE-529,Disco大裂隙,Disco Fistcrack,5.10a,0,,,
龍洞,校門口,LD-SCHOOL-GATE-530,鼻子,Nose,5.11a,4,,,
龍洞,校門口,LD-SCHOOL-GATE-531,Disco右裂隙,Right Disco Crack,5.10b,0,,,
龍洞,校門口,LD-SCHOOL-GATE-532,三重,Triple,5.12c,1,,,
龍洞,校門口,LD-SCHOOL-GATE-533,三重關,Triple Cruxes,5.13b,4,"龍洞攀岩-三重關5.13a | https://www.youtube.com/watch?v=bdwYwEQ3jYw
方翔「三重關」5.13b | https://www.youtube.com/watch?v=DlLAEKX6St8
LONG DONG ROCKCLIMBING TAIWAN 三重關Triple Cruxes 5.13b by Baosui Chang | https://www.youtube.com/watch?v=GSn9cj3UnWI
龍洞-校門口「三重關」 | https://www.youtube.com/watch?v=6q-DqH4JAi8",,
龍洞,校門口,LD-SCHOOL-GATE-534,絕響,Inimitable,5.14a,0,,,
龍洞,校門口,LD-SCHOOL-GATE-535,黑面岩角,Blackface-Arête,5.11d,1,Taiwan Rock Climbing : Blackface-Arête/黑面岩角(5.12a) | https://www.youtube.com/watch?v=vsgkOPOoouU,,
龍洞,校門口,LD-SCHOOL-GATE-536,明明點很小,Obviously Tiny,5.12d,1,龍洞攀岩＿明明點很小 5.12d | https://www.youtube.com/watch?v=5wKecQ-0BEE,,
龍洞,校門口,LD-SCHOOL-GATE-537,黑色角落,Black Corner,5.5,0,,,
龍洞,校門口,LD-SCHOOL-GATE-538,熱身路線,Warm-up Route,5.10c,0,20180618 龍洞 校門口 熱身路線	Sammy Chen	https://www.youtube.com/watch?v=CgteS84ivjw,,
龍洞,校門口,LD-SCHOOL-GATE-539,雙裂隙,Twin Cracks,5.8,0,,,
龍洞,校門口,LD-SCHOOL-GATE-540,出頭,Emerging,5.10a,0,,,
龍洞,校門口,LD-SCHOOL-GATE-541,太麻煩,Tai Ma Fan,5.7,0,,,
龍洞,校門口,LD-SCHOOL-GATE-542,阿彌陀佛,Stepover,5.10b,0,,,
龍洞,校門口,LD-SCHOOL-GATE-543,洞穴人 (無人完攀),Caveman boulder,5.??,0,,,
龍洞,校門口,LD-SCHOOL-GATE-544,東方不敗,Stairway to Heaven,5.10b,1,,,
龍洞,校門口,LD-SCHOOL-GATE-545,冥想,Meditation,5.12b,3,"瞑想　Meditation ★★ 5.12b 龍洞　校門口 | https://www.youtube.com/watch?v=s6LHUxz8-NA
攀岩 龍洞 校門口/冥想 | https://www.youtube.com/watch?v=GRe_qeC5ig0
龍洞 攀岩 校門口/冥想+德州牛仔 | https://www.youtube.com/watch?v=hqvsmDUhGEE",,
龍洞,校門口,LD-SCHOOL-GATE-546,德州牛仔,Ride ‘em Cowboy,5.12b,1,龍洞 攀岩 校門口/冥想+德州牛仔 | https://www.youtube.com/watch?v=hqvsmDUhGEE,,
龍洞,校門口,LD-SCHOOL-GATE-546.1,地藏王,Déjà vu,5.11c,0,,,
龍洞,校門口,LD-SCHOOL-GATE-547,輪迴 P1,Reincarnation | P1,5.10c,0,,,
龍洞,校門口,LD-SCHOOL-GATE-547.1,輪迴 P2,Reincarnation | P2,5.9,0,,,
龍洞,校門口,LD-SCHOOL-GATE-548,牛魔內角,Bull King Dihedral,5.7,0,,,
龍洞,校門口,LD-SCHOOL-GATE-549,Oh No!,,5.11c,0,"Taiwan Rock Climbing : OH NO (11C)        https://www.youtube.com/watch?v=r503kYP2RdI
龍洞校門口「Oh no!」	https://www.youtube.com/watch?v=CNTkjWLhxUM",,
龍洞,校門口,LD-SCHOOL-GATE-550,Oh!,,5.8,0,,,
龍洞,校門口,LD-SCHOOL-GATE-551,虎牙,Tiger’s Tooth,5.11b,0,,,
龍洞,校門口,LD-SCHOOL-GATE-552,出乎意料,Surprise Crack,5.10b,0,2020/09/07 - 龍洞 - 校門口 | Surprise Crack - Jam	https://www.youtube.com/watch?v=U6emy8li-WU,,
龍洞,校門口,LD-SCHOOL-GATE-553,樓梯,Staircase,5.4,0,,,
龍洞,校門口,LD-SCHOOL-GATE-554,迎風角,Sea Arête,5.5,0,,,
龍洞,校門口,LD-SCHOOL-GATE-555,迎風面左,Seaface Left,5.6,0,,,
龍洞,校門口,LD-SCHOOL-GATE-556,迎風面右,Seaface Right,5.7,0,,,
龍洞,校門口,LD-SCHOOL-GATE-557,迎風裂隙,Seacrack,5.7,0,,,
龍洞,校門口,LD-SCHOOL-GATE-558,痛痛,Tong Tong,5.8,0,,,
龍洞,校門口,LD-SCHOOL-GATE-559,走壁,Tzuo Bi,5.11b,0,,,
龍洞,校門口,LD-SCHOOL-GATE-560,飛簷,Fei Yan,5.11b,0,,,
龍洞,校門口,LD-SCHOOL-GATE-561,擠不擠由你,Choose Your Size,5.8,0,,,
龍洞,校門口,LD-SCHOOL-GATE-562,小洞洞,Baby Crack,5.6,0,,,
龍洞,校門口,LD-SCHOOL-GATE-563,小小洞洞,Small Baby Crack,5.4,0,,,
龍洞,校門口,LD-SCHOOL-GATE-564,末代皇帝,Last Emperor,5.11c,0,,,
龍洞,校門口,LD-SCHOOL-GATE-565,第一外角,First Corner,5.12a,1,龍洞-第一外角5.12a with 尚青、睿軒、閎聿2023/7/9 | https://www.youtube.com/watch?v=z4X4dlT3Y7g,,
龍洞,校門口,LD-SCHOOL-GATE-566,代溝,Above the Groove,5.11a,0,,,
龍洞,校門口,LD-SCHOOL-GATE-567,最後難關,Final Crux,5.12a,0,龍洞 攀岩 校門口/最後難關	https://www.youtube.com/watch?v=68sXywwb6rI,,
龍洞,校門口,LD-SCHOOL-GATE-568,細縫,Thinset,5.11b,0,,,
龍洞,校門口,LD-SCHOOL-GATE-569,Z字,Stone Z,5.11a,0,,,
龍洞,大禮堂,LD-GRAND-AUDITORIUM-303,上龍脊,Upper Dragon Ridge,5.7,0,,,
龍洞,大禮堂,LD-GRAND-AUDITORIUM-304,龍脊左路,Dragon Ridge Left,5.4,0,,,
龍洞,大禮堂,LD-GRAND-AUDITORIUM-305,龍脊中路,Dragon Ridge Center,5.5,0,,,
龍洞,大禮堂,LD-GRAND-AUDITORIUM-306,龍脊右路,Dragon Ridge Right,5.6,0,,,
龍洞,大禮堂,LD-GRAND-AUDITORIUM-307,垃圾斜板,Junk Slab,5.7,0,,,
龍洞,大禮堂,LD-GRAND-AUDITORIUM-308,三角關係,Two-timer,5.8,0,,,
龍洞,大禮堂,LD-GRAND-AUDITORIUM-309,小裂隙,Thin Crack,5.11c,0,,,
龍洞,大禮堂,LD-GRAND-AUDITORIUM-310,祕密開關,Secret Switch,5.10d,0,,,
龍洞,大禮堂,LD-GRAND-AUDITORIUM-311,嬰兒之家,Womb,5.11a,0,"龍洞大禮堂311.嬰兒之家  https://www.youtube.com/watch?v=OKzbfm6qtUY
Long Dong | Grand Auditorium - Womb (Succeed)        https://www.youtube.com/watch?v=fIeTSliKOZo        陳震宇        Long Dong | Grand Auditorium - Womb (failed attempt)        https://www.youtube.com/watch?v=xmsNKhjoATw        陳震宇",,
龍洞,大禮堂,LD-GRAND-AUDITORIUM-312,面壁,Face the Wall,5.6,0,,,
龍洞,大禮堂,LD-GRAND-AUDITORIUM-313,通道,Canaleta,5.4,0,,,
龍洞,大禮堂,LD-GRAND-AUDITORIUM-314,大斜板內角,Great Slab Dihedral,5.6,0,,,
龍洞,大禮堂,LD-GRAND-AUDITORIUM-314.1,左翼,Left Wing,5.10?,0,,,
龍洞,大禮堂,LD-GRAND-AUDITORIUM-314.2,臉部辨識,Facial Network,5.10?,0,,,
龍洞,大禮堂,LD-GRAND-AUDITORIUM-314.3,火辣登場,Coming in Hot,5.12a,0,,,
龍洞,大禮堂,LD-GRAND-AUDITORIUM-314.4,不知為不知,Unknown Unknowns,5.11?,0,,,
龍洞,大禮堂,LD-GRAND-AUDITORIUM-314.5,就是很故意,Define: contrived,5.11?,0,,,
龍洞,大禮堂,LD-GRAND-AUDITORIUM-314.6,明顯很好爬,Obvious weakness,5.10b,0,,,
龍洞,大禮堂,LD-GRAND-AUDITORIUM-314.7,轟天雷,Big Thunder,5.11b,0,,,
龍洞,大禮堂,LD-GRAND-AUDITORIUM-314.8,王者雷電,King Lightning,5.10? R,0,,,
龍洞,大禮堂,LD-GRAND-AUDITORIUM-314.9,猢猻耍猴戲,Barrel of Monkeys,5.10?,0,,,
龍洞,大禮堂,LD-GRAND-AUDITORIUM-315,菲律賓人普羅 (舊：十字裂隙),Puro Filippino (Cross Crack),5.11b,0,,,
龍洞,大禮堂,LD-GRAND-AUDITORIUM-315.1,O.P.P. 誰的鴿,(Other Peoples’ Pigeons),5.11?,0,,,
龍洞,大禮堂,LD-GRAND-AUDITORIUM-316,大懸岩 | P1,The Great Roof | P1,5.13b,0,,,
龍洞,大禮堂,LD-GRAND-AUDITORIUM-316.1,大懸岩 | P2,The Great Roof | P2,5.13b,0,,,
龍洞,大禮堂,LD-GRAND-AUDITORIUM-317,十,Ten,5.9,1,,,
龍洞,大禮堂,LD-GRAND-AUDITORIUM-318,自由裂隙 | P1,Freedom Crack | P1,5.8,0,,,
龍洞,大禮堂,LD-GRAND-AUDITORIUM-318.1,自由裂隙 | P2,Freedom Crack | P2 Left,5.9,0,,,
龍洞,大禮堂,LD-GRAND-AUDITORIUM-318.2,自由裂隙 | P2 右,Freedom Crack | P2 Right,5.9,0,,,
龍洞,大禮堂,LD-GRAND-AUDITORIUM-319,登峰造極,Topout,5.8,0,,,
龍洞,大禮堂,LD-GRAND-AUDITORIUM-320,吉薩岩板,Giza Flake,5.9,0,,,
龍洞,大禮堂,LD-GRAND-AUDITORIUM-321,海闊天空,Boundless Sea and Sky,5.11c,0,,,
龍洞,大禮堂,LD-GRAND-AUDITORIUM-322,法國革命日,Bastille Day,5.11c,0,,,
龍洞,大禮堂,LD-GRAND-AUDITORIUM-323,阿魯巴,Arupa,5.10d,0,,,
龍洞,大禮堂,LD-GRAND-AUDITORIUM-324,倒掛金鉤,Upside Down,5.11d,2,,,
龍洞,大禮堂,LD-GRAND-AUDITORIUM-325,今天不上課,No Class Today,5.11c,0,,,
龍洞,大禮堂,LD-GRAND-AUDITORIUM-326,Verdon 在台灣,Verdon du Taiwan,5.10b,0,,,
龍洞,大禮堂,LD-GRAND-AUDITORIUM-327,普羅旺斯大懸岩,Provence Roof,5.11a,0,,,
龍洞,大禮堂,LD-GRAND-AUDITORIUM-327.1,無名路線–寬裂隙,Unnamed wide crack,5.10c,0,,,
龍洞,大禮堂,LD-GRAND-AUDITORIUM-327.2,無名路線–手指裂隙,Unnamed finger crack,5.10c,0,,,
龍洞,大禮堂,LD-GRAND-AUDITORIUM-328,龍路 | P1,Via del Drago | P1,5.8,0,,,
龍洞,大禮堂,LD-GRAND-AUDITORIUM-328.1,龍路 | P2,Via del Drago | P2,5.10c,0,,,
龍洞,鐘塔,LD-CLOCKTOWER-468,毛毛蟲,Caterpillar,5.7,1,,,
龍洞,鐘塔,LD-CLOCKTOWER-469,觀護人,Probation Officer,5.10b,0,,,
龍洞,鐘塔,LD-CLOCKTOWER-470,訓導主任,Blind Reach,5.11d,0,,,
龍洞,鐘塔,LD-CLOCKTOWER-471,副主任,Reach Around,5.10a,0,,,
龍洞,鐘塔,LD-CLOCKTOWER-472,翻牆,Truancy,5.8,0,,,
龍洞,鐘塔,LD-CLOCKTOWER-473,凹洞,Concave,5.9,0,,,
龍洞,鐘塔,LD-CLOCKTOWER-474,快速道路,Highway,5.8,0,,,
龍洞,鐘塔,LD-CLOCKTOWER-474,無名路線,Project,5.??,0,,,
龍洞,鐘塔,LD-CLOCKTOWER-475,留校察看,Detention,5.7,3,"龍洞｜訓導處｜留校察看（5.7） | https://www.youtube.com/watch?v=bcIwJtt91KM
龍洞｜訓導處｜留校察看（5.7）Fail | https://www.youtube.com/watch?v=colQkSY3M3c
龍洞拉測 鐘塔區訓導處 475留校察看 上方固定點Bolt | https://www.youtube.com/watch?v=AfOTxyT8oG0",,
龍洞,鐘塔,LD-CLOCKTOWER-476,停學,Suspended,5.9,0,,,
龍洞,鐘塔,LD-CLOCKTOWER-477,退學,Eliminate,5.10b,0,,,
龍洞,鐘塔,LD-CLOCKTOWER-478,非暴力抵抗,Civil Disobedience,5.9,0,,,
龍洞,鐘塔,LD-CLOCKTOWER-479,給我抱抱,Fal Buligee,5.12a,0,,,
龍洞,鐘塔,LD-CLOCKTOWER-480,表皮摩擦力,Skin Friction,5.10c,0,,,
龍洞,鐘塔,LD-CLOCKTOWER-481,訓導處煙囪,Discipline Chimney,5.6,0,,,
龍洞,鐘塔,LD-CLOCKTOWER-482,信天翁,Albatross,5.9,1,Longdong龍洞 |Albatross 信天翁 | 水池畔 | 5.9 | https://www.youtube.com/watch?v=kmvSiojUvZY,,
龍洞,鐘塔,LD-CLOCKTOWER-483,水池畔煙囪,Pondside Chimney,5.5,0,,,
龍洞,鐘塔,LD-CLOCKTOWER-484,魚臉,Fish Face,5.10a,0,,,
龍洞,鐘塔,LD-CLOCKTOWER-485,大綠龜,Big Green Turtle,5.10c,0,,,
龍洞,鐘塔,LD-CLOCKTOWER-486,小藍魚,Tiny Blue Fish,5.8,0,,,
龍洞,鐘塔,LD-CLOCKTOWER-487,海狗,Sea Dogs,5.9,0,,,
龍洞,鐘塔,LD-CLOCKTOWER-488,保護我們的海洋,Save Our Seas,5.10a,0,,,
龍洞,鐘塔,LD-CLOCKTOWER-489,水池畔內角,Pondside Dihedral,5.7,0,,,
龍洞,鐘塔,LD-CLOCKTOWER-490,蟑螂窩,Cockroach Nest,5.11c,0,,,
龍洞,鐘塔,LD-CLOCKTOWER-491,潮起潮落,Tides Rise and Fall,5.13a,0,,,
龍洞,鐘塔,LD-CLOCKTOWER-492,沙漠一號,Desert Number 1,5.12d,0,,,
龍洞,鐘塔,LD-CLOCKTOWER-493,刀疤,Scarface,5.11c,5,,,
龍洞,鐘塔,LD-CLOCKTOWER-494,印尼人,Indonesian,5.12a,0,,,
龍洞,鐘塔,LD-CLOCKTOWER-495,斗轉星移,Stars Pass Over the Sky,5.12b,0,,,
龍洞,鐘塔,LD-CLOCKTOWER-496,一條洞,One Single Cave,5.11d,0,,,
龍洞,鐘塔,LD-CLOCKTOWER-497,中級岩角,Moderate Left,5.10d,0,,,
龍洞,鐘塔,LD-CLOCKTOWER-498,西南之南,South by Southwest,5.9,0,,,
龍洞,鐘塔,LD-CLOCKTOWER-499,叢林熱,Jungle Fever,5.9,0,,,
龍洞,鐘塔,LD-CLOCKTOWER-500,嬉皮裂隙,Hippie Crack,5.11a,0,,,
龍洞,鐘塔,LD-CLOCKTOWER-501,奶油刀,Return Trip,5.10b,0,,,
龍洞,鐘塔,LD-CLOCKTOWER-502,剃刀邊緣,One Way Ticket,5.10c,2,"Taiwan Rock Climbing : One way ticket/剃刀邊緣(5.10c) | https://www.youtube.com/watch?v=3CqZcImr33I
剃刀邊緣，one way ticket.. | https://www.youtube.com/watch?v=_694Lrp7zLM",,
龍洞,鐘塔,LD-CLOCKTOWER-503,嬉皮票,Hippie Ticket,5.11a,0,,,
龍洞,鐘塔,LD-CLOCKTOWER-504,結婚的日子,Wedding Day,5.10a,1,"龍洞鐘塔“結婚的日子5.10a vol.1 | https://www.youtube.com/watch?v=olOEs1OZ67E
龍洞 鐘塔 結婚的日子 剉冰        https://www.youtube.com/watch?v=EKVNvfMwnKc
龍洞 鐘塔 結婚的日子 剉冰 -1	https://www.youtube.com/watch?v=VOj3ezD9xNM",,
龍洞,鐘塔,LD-CLOCKTOWER-505,直上東岩角,Direct East Arête,5.9,0,,,
龍洞,鐘塔,LD-CLOCKTOWER-506,斜線,Diagonal,5.10d,0,,,
龍洞,鐘塔,LD-CLOCKTOWER-507,東北之北,North by Northeast,5.7,0,,,
龍洞,鐘塔,LD-CLOCKTOWER-508,到此一遊,Buddha Sun's Meditation,5.10d,0,,,
龍洞,鐘塔,LD-CLOCKTOWER-509,導火線,Bomb Fuse,5.9,0,,,
龍洞,鐘塔,LD-CLOCKTOWER-510,爆竹,Firecracker,5.8,1,,,
龍洞,鐘塔,LD-CLOCKTOWER-511,鐘塔東北角,Northeast Buttress,5.4,0,,,
龍洞,鐘塔,LD-CLOCKTOWER-512,黑人總統,Black President,5.7,0,,,
龍洞,鐘塔,LD-CLOCKTOWER-513,橢圓辦公室,Oval Office,5.11a,1,"Taiwan Rock Climbing : Oval office/橢圓辦公室(5.11a) | https://www.youtube.com/watch?v=ywebtLVHQIQ
20250831 龍洞鐘塔 橢圓辦公室	https://www.youtube.com/watch?v=1tkWTa8q_PA",,
龍洞,鐘塔,LD-CLOCKTOWER-514,傑佛遜,Jefferson,5.10a,0,,,
龍洞,鐘塔,LD-CLOCKTOWER-515,四巨頭,Monument to Presidents,5.9,0,,,
龍洞,鐘塔,LD-CLOCKTOWER-516,蔚藍的誘惑,Crystal Blue Temptation,5.8,0,,,
龍洞,鐘塔,LD-CLOCKTOWER-517,海膽,Sea Urchin,5.6,0,,,
龍洞,鐘塔,LD-CLOCKTOWER-518,海水正藍,Blue Ocean,5.12a,0,,,
龍洞,鐘塔,LD-CLOCKTOWER-519,碧海藍天,"Green Ocean, Blue Sky",5.11c,0,,,
龍洞,鐘塔,LD-CLOCKTOWER-520,看海的日子,Sea-Watching Day,5.10a,0,,,
龍洞,第一洞,LD-FIRST-CAVE-238.1,Lucid Dreaming | P1,,5.9,0,,,
龍洞,第一洞,LD-FIRST-CAVE-238.2,Lucid Dreaming | P2,,5.8,0,,,
龍洞,第一洞,LD-FIRST-CAVE-238.3,Lucid Dreaming | P3,,5.10?,0,,,
龍洞,第一洞,LD-FIRST-CAVE-239,台北一支花,Taipei Flower,5.12b,0,,,
龍洞,第一洞,LD-FIRST-CAVE-240,頂樓加蓋,Building on the Building,5.12a,0,,,
龍洞,第一洞,LD-FIRST-CAVE-241,無人完攀,Project,5.??,0,,,
龍洞,第一洞,LD-FIRST-CAVE-242,石花凍 | P1,Agar Jelly | P1,5.10a,0,,,
龍洞,第一洞,LD-FIRST-CAVE-242,石花凍 | P2,Agar Jelly | P2,5.10b,0,,,
龍洞,第一洞,LD-FIRST-CAVE-243,親子路線,Family Route,5.11d,0,,,
龍洞,第一洞,LD-FIRST-CAVE-244,爸爸帶小孩,Papa Carry Kid,5.11c,0,,,
龍洞,第一洞,LD-FIRST-CAVE-245,曲終人散,The Music is Over,5.12a,0,,,
龍洞,第一洞,LD-FIRST-CAVE-246,爬岩真爽,Climbing is Great,5.12a,0,,,
龍洞,第一洞,LD-FIRST-CAVE-247,爬岩真好,Climbing is Good,5.12c,0,,,
龍洞,第一洞,LD-FIRST-CAVE-248,來去北海道,Going to Hokkaido,5.12a,0,,,
龍洞,第一洞,LD-FIRST-CAVE-249,斜板,The Ramp,5.8,1,龍洞 5.8 內傾 金門斜板 | https://www.youtube.com/watch?v=L9cGQqPu2Kw,,
龍洞,第一洞,LD-FIRST-CAVE-250,斜板之板,The Ramp Flake,5.9,0,,,
龍洞,第一洞,LD-FIRST-CAVE-251,天外飛仙,Wonderland Fairy,5.10b,0,,,
龍洞,第一洞,LD-FIRST-CAVE-252,創世紀,Genesis,5.12d,0,,,
龍洞,第一洞,LD-FIRST-CAVE-253,曙光裂隙,Twilight Crack,5.11b,1,龍洞攀岩 曙光裂隙 Twilight Crack 5.11b 傳攀 · 26m | https://www.youtube.com/watch?v=CdhEuYj2fMY,,
龍洞,第一洞,LD-FIRST-CAVE-254,新世界,New World,5.11c,0,,,
龍洞,第一洞,LD-FIRST-CAVE-255,天堂鳥,Bird Of Paradise,5.12c,0,,,
龍洞,第一洞,LD-FIRST-CAVE-256,烏鴉,Crow,5.13a,0,,,
龍洞,第一洞,LD-FIRST-CAVE-257,三明治,Sandwich,5.12c,3,,,
龍洞,第一洞,LD-FIRST-CAVE-258,饅頭雙裂隙,Mantou Double Crack,5.12a,0,,,
龍洞,第一洞,LD-FIRST-CAVE-259,萬里長征,Long March,5.13d,0,龍洞攀岩 第一洞/萬里長征	https://www.youtube.com/watch?v=ccMwLcbVnHI,,
龍洞,第一洞,LD-FIRST-CAVE-260,獨奏,Solo,5.12d,1,,,
龍洞,第一洞,LD-FIRST-CAVE-261,二重奏,Duet,5.13a,1,,,
龍洞,第一洞,LD-FIRST-CAVE-262,三天三十米,"Three Days, Thirty Meters",5.12a,0,,,
龍洞,第一洞,LD-FIRST-CAVE-263,鴿子,Pigeon,5.12c,1,,,
龍洞,第一洞,LD-FIRST-CAVE-264,沒完沒了,Endless,5.12d,0,,,
龍洞,第一洞,LD-FIRST-CAVE-265,抱樹幹,Hug the Tree,5.12c,0,,,
龍洞,第一洞,LD-FIRST-CAVE-266,洪來瘋 (舊：懸岩外角),Hongsanity (Overhang Arête),5.14a,0,,,
龍洞,第一洞,LD-FIRST-CAVE-267,無人完攀 (舊：上班不上班),Project (Skipping Work),5.??,0,龍洞攀岩 第一洞/PROJECT	https://www.youtube.com/watch?v=s7dRHLqMxns,,
龍洞,第一洞,LD-FIRST-CAVE-268,國慶日,National Day,5.13c,0,龍洞攀岩  第一洞/國慶日https://www.youtube.com/watch?v=hg5-znEe3Moo,,
龍洞,第一洞,LD-FIRST-CAVE-269,十月十日,October Ten,5.13b,0,"攀岩 龍洞 第一洞/十月十日        https://www.youtube.com/watch?v=C1LzSg6b6CI
攀岩 龍洞 第一洞/十月十日        https://www.youtube.com/watch?v=mK0H7tm5TUE
龍洞攀岩 第一洞 - 十月十日	https://www.youtube.com/watch?v=_zfGT8p8D88",,
龍洞,第一洞,LD-FIRST-CAVE-270,步步高升,Up and Up,5.12d,0,龍洞攀岩 第一洞 步步高升	https://www.youtube.com/watch?v=RLhg653HZKM,,
龍洞,第一洞,LD-FIRST-CAVE-271,檳榔路,Bin Lang Road,5.12b,0,,,
龍洞,第一洞,LD-FIRST-CAVE-272,情人節禮物,Valentine’s Gift,5.12a,2,"龍洞攀岩_第一洞_情人節禮物/運攀5.12a(難關前半部） | https://www.youtube.com/watch?v=pYBHQJgNoBU
龍洞攀岩_第一洞_情人節禮物/運攀5.12a(難關後半部） | https://www.youtube.com/watch?v=OJj5V5fFmJU
龍洞_第一洞_5.12A情人節禮物	https://www.youtube.com/watch?v=QXOc0cIYFyk",,
龍洞,第一洞,LD-FIRST-CAVE-273,愛心米糕,Heart-Shaped Rice Cake,5.12c,1,攀岩 龍洞 第一洞外右側/愛心米糕 | https://www.youtube.com/watch?v=CgtvphPSlko,,
龍洞,第一洞,LD-FIRST-CAVE-274,黑心米血糕,Black Heart Pig’s Blood Cake,5.11d,0,,,
龍洞,第一洞,LD-FIRST-CAVE-275,早安龍洞 | P1,Good Morning,5.12b,0,龍洞攀岩 第一洞外右側/早安龍洞	https://www.youtube.com/watch?v=XyedNXAIjbE,,
龍洞,第一洞,LD-FIRST-CAVE-276,明明沒Bolt | P1,Bolt Shortage | P1,5.??,0,,,
龍洞,第一洞,LD-FIRST-CAVE-277,Sorry Erica,,5.10a,0,龍洞 第一洞 Sorry Erica + 啦啦啦	https://www.youtube.com/watch?v=RklSfQOiz5s,,
龍洞,第一洞,LD-FIRST-CAVE-278,情人節快樂,Happy Valentine’s Day,5.10a,0,,,
龍洞,第一洞,LD-FIRST-CAVE-279,威爾森懸岩,Wilson Overhang,5.9,0,,,
龍洞,第一洞,LD-FIRST-CAVE-280,粉圓陷阱,Fen Yuan Trap,5.12a,0,"龍洞第一洞「粉圓陷阱」        https://www.youtube.com/watch?v=erOR183BHKk
攀岩 龍洞 第一洞 粉圓陷阱        https://www.youtube.com/watch?v=3fQbqujNppg
龍洞 第一洞 粉圓陷阱        https://www.youtube.com/watch?v=gQ469MngY0c
龍洞 攀岩 粉圓陷阱	https://www.youtube.com/watch?v=l5jt24REn9c",,
龍洞,第一洞,LD-FIRST-CAVE-281,石破天驚,Heaven’s Falling,5.9,0,,,
龍洞,第一洞,LD-FIRST-CAVE-282,騙人的岩角,Deceiving Arête,5.11a,0,,,
龍洞,第一洞,LD-FIRST-CAVE-283,下福利社,Lower Commissary,5.10a,0,,,
龍洞,第一洞,LD-FIRST-CAVE-284,福利社,Commissary Crack,5.10a,1,Taiwan Rock Climbing : The Commissary Crack/福利社 (SOLO) | https://www.youtube.com/watch?v=pMNPUC7X1jk,,
龍洞,第一洞,LD-FIRST-CAVE-285,雷鬼,Reggae,5.9,1,,,
龍洞,第一洞,LD-FIRST-CAVE-286,Calypso,,5.7,0,,,
龍洞,第一洞,LD-FIRST-CAVE-287,Clean Face,,5.12d,0,https://www.youtube.com/watch?v=LEjCj_ZU7RI,,
龍洞,第一洞,LD-FIRST-CAVE-288,人行道,Walkway,5.11b,1,"Climbing in LongDong (Taiwan) - Walkway (5.11b) | https://www.youtube.com/watch?v=4KWykCO0b2s
20180408 龍洞 第一洞 人行道 俊延 01        https://www.youtube.com/watch?v=PUXdZgByDQc
20180408 龍洞 第一洞 人行道 俊延 02	https://www.youtube.com/watch?v=4ZL0VQqO80w",,
龍洞,第一洞,LD-FIRST-CAVE-289,擔擔麵線,Noodle Line,5.8,0,,,
龍洞,第一洞,LD-FIRST-CAVE-290,歷史 (舊名：古老的事),History,5.12b,1,龍洞攀岩-歷史5.12b | https://www.youtube.com/watch?v=Eh5G5E2U0ZM,,
龍洞,第一洞,LD-FIRST-CAVE-291,飛龍岩角,Dragon Arête,5.11c,0,,,
龍洞,第一洞,LD-FIRST-CAVE-292,小孩帶電鑽,Tough Kids and Power Tools,5.6,0,,,
龍洞,第一洞,LD-FIRST-CAVE-293,啦啦啦,La La La,5.12a,1,"攀岩 龍洞第一洞 啦啦啦 | https://www.youtube.com/watch?v=2zT4KO8F4tI
龍洞 第一洞 Sorry Erica + 啦啦啦	https://www.youtube.com/watch?v=RklSfQOiz5s",,
龍洞,第一洞,LD-FIRST-CAVE-294,阿花,Floweret,5.11d,0,,,
龍洞,第一洞,LD-FIRST-CAVE-295,阿草,Grass,5.10a,0,,,
龍洞,第一洞,LD-FIRST-CAVE-296,韓式泡菜,Kimchi,5.11a,0,,,
龍洞,第一洞,LD-FIRST-CAVE-297,紅油抄手,Dumplings in Spicy Sauce,5.10d,0,,,
龍洞,第一洞,LD-FIRST-CAVE-298,雲南大薄片,Yunnan Thin Slice,5.11d,0,,,
龍洞,第一洞,LD-FIRST-CAVE-299,台灣熱炒,Taiwan Rechao,5.11a,0,,,
龍洞,第一洞,LD-FIRST-CAVE-300,筆記本,Notebook,5.12a,0,,,
龍洞,第一洞,LD-FIRST-CAVE-301,紫藤花,Wisteria,5.11a,5,,,
龍洞,第一洞,LD-FIRST-CAVE-302,海角藍天,Cape to the Sky,5.10d,0,,,
龍洞,第二洞,LD-SECOND-CAVE-194,偉賓路線,Wei Bin's Route,5.11c,0,,,
龍洞,第二洞,LD-SECOND-CAVE-195,無尾熊,Koala Bear,5.10d,0,,,
龍洞,第二洞,LD-SECOND-CAVE-196,Yum Yum的高級作業,Yum Yum’s Hard Work,5.13b,0,,,
龍洞,第二洞,LD-SECOND-CAVE-197,歡樂後花園,Back Porch Saloon,5.12c,0,,,
龍洞,第二洞,LD-SECOND-CAVE-198,台灣當朋友,Taiwan Down Amigo,5.12c,0,,,
龍洞,第二洞,LD-SECOND-CAVE-199,恐龍,Dinosaur,5.8,2,,,
龍洞,第二洞,LD-SECOND-CAVE-200,仙翁花,Ragged Robin,5.7,0,,,
龍洞,第二洞,LD-SECOND-CAVE-201,奧德賽拂曉行動,Operation Odyssey Dawn,5.6,0,,,
龍洞,第二洞,LD-SECOND-CAVE-202,搖滾紫精靈,Purple People Eater,5.6,0,,,
龍洞,第二洞,LD-SECOND-CAVE-203,豔陽白日夢,Sunshine Daydream,5.8,1,第二洞｜小虎哥｜豔陽白日夢（5.8） | https://www.youtube.com/watch?v=BikUHOLqgyk,,
龍洞,第二洞,LD-SECOND-CAVE-204,向陽懸岩,Sunshine Overhang,5.9,0,,,
龍洞,第二洞,LD-SECOND-CAVE-205,裂嘴一笑,Crack a Smile,5.11c,0,,,
龍洞,第二洞,LD-SECOND-CAVE-206,榔頭時刻,Hammer Time,5.11c,0,,,
龍洞,第二洞,LD-SECOND-CAVE-207,石器時代,Stone Age,5.10b,0,,,
龍洞,第二洞,LD-SECOND-CAVE-208,裂隙也瘋狂1,Manic Crack I,5.11b,0,,,
龍洞,第二洞,LD-SECOND-CAVE-209,變臉,Face Off,5.10c,0,,,
龍洞,第二洞,LD-SECOND-CAVE-210,裂隙也瘋狂2,Manic Crack II,5.12a,0,,,
龍洞,第二洞,LD-SECOND-CAVE-211,左拱門,Left Arch,5.12a,0,龍洞攀岩(第二洞)-左拱門	https://www.youtube.com/watch?v=k6YESaDLRjk,,
龍洞,第二洞,LD-SECOND-CAVE-212,有一腿,Have a Leg,5.12d,0,,,
龍洞,第二洞,LD-SECOND-CAVE-213,中將湯,Zhong Jiang Soup,5.11c,0,龍洞第二洞「中將湯」        https://www.youtube.com/watch?v=dGMZGASlk5Q,,
龍洞,第二洞,LD-SECOND-CAVE-213.1,右衛門,Uemon,5.9,0,,,
龍洞,第二洞,LD-SECOND-CAVE-214,幸運條紋,Lucky Streaks,5.8,0,,,
龍洞,第二洞,LD-SECOND-CAVE-215,別把粉弄濕,Keep Your Powder Dry,5.8,0,,,
龍洞,第二洞,LD-SECOND-CAVE-216,洞穴,Grotto,5.10b,0,,,
龍洞,第二洞,LD-SECOND-CAVE-217,雨盒,Box of Rain,5.8,0,,,
龍洞,第二洞,LD-SECOND-CAVE-218,祈雨舞,Rain Dance,5.7,0,,,
龍洞,第二洞,LD-SECOND-CAVE-219,小雨來得不是時候,Rain on My Parade,5.6,0,,,
龍洞,第二洞,LD-SECOND-CAVE-220,雨中曲,Singing in the Rain,5.5,0,,,
龍洞,第二洞,LD-SECOND-CAVE-221,洞外東面路線1,CRE1,5.11d,0,,,
龍洞,第二洞,LD-SECOND-CAVE-222,洞外東面路線2,CRE2,5.10d,0,,,
龍洞,第二洞,LD-SECOND-CAVE-223,煙囪階梯,Stepcrack Chimney,5.4,0,,,
龍洞,第二洞,LD-SECOND-CAVE-224,鱷魚皮,Gator Skin,5.5,0,,,
龍洞,第二洞,LD-SECOND-CAVE-225,右傾內角,Right Facing Dihedral,5.5,0,,,
龍洞,第二洞,LD-SECOND-CAVE-226,洞穴石裂隙,Cave Rock Handcrack,5.5,0,,,
龍洞,第二洞,LD-SECOND-CAVE-227,斜板寬裂隙,Slabby OW,5.5,0,,,
龍洞,第二洞,LD-SECOND-CAVE-228,小石柱右面,Small Pillar- Right Side,5.6,0,,,
龍洞,第二洞,LD-SECOND-CAVE-229,吹吹風,Breezy,5.7,0,,,
龍洞,第二洞,LD-SECOND-CAVE-230,西道,Westbound Road,5.10b,0,,,
龍洞,第二洞,LD-SECOND-CAVE-231,古風,Ancient Wind,5.11c,0,,,
龍洞,第二洞,LD-SECOND-CAVE-232,老樹,Old Tree,5.11a,0,,,
龍洞,第二洞,LD-SECOND-CAVE-233,地下一樓,One Floor Down,5.12d,0,,,
龍洞,第二洞,LD-SECOND-CAVE-234,昏鴉,The Crow,5.8,0,,,
龍洞,第二洞,LD-SECOND-CAVE-235,裂隙路線,Crack Line,5.11c,0,,,
龍洞,第二洞,LD-SECOND-CAVE-236,大黃蜂巢 (舊名：蜂巢),Hornet’s Nest,5.11a,0,,,
龍洞,第二洞,LD-SECOND-CAVE-237,沙漠,The Desert,5.12d,0,,,
龍洞,第二洞,LD-SECOND-CAVE-238,泥巴倒拉,Muddy Undercling,5.10c,0,,,
龍洞,後門,LD-BACK-DOOR-1,ㄅ,Bo,5.7,0,,,
龍洞,後門,LD-BACK-DOOR-2,ㄆ,Po,5.5,0,,,
龍洞,後門,LD-BACK-DOOR-3,ㄇ,Mo,5.6,0,,,
龍洞,後門,LD-BACK-DOOR-4,ㄈ,Fo,5.7,0,,,
龍洞,後門,LD-BACK-DOOR-5,ㄉ,Do,5.8,0,,,
龍洞,後門,LD-BACK-DOOR-6,ㄊ,To,5.10b,0,,,
龍洞,後門,LD-BACK-DOOR-7,草帽大嫂,Grass Hat Sister-in-Law,5.6,0,,,
龍洞,後門,LD-BACK-DOOR-8,老龍勃魯斯,Elder Dragon Blues,5.10a,0,,,
龍洞,後門,LD-BACK-DOOR-9,南方岩角,Southern Arête,5.8,0,,,
龍洞,後門,LD-BACK-DOOR-10,簡單內角,Eazy Dihedral,5.7,0,,,
龍洞,後門,LD-BACK-DOOR-11,樓梯間,Under the Staircase,5.6,0,,,
龍洞,後門,LD-BACK-DOOR-12,超越巔峰,Into Thin Air,5.10c,0,,,
龍洞,後門,LD-BACK-DOOR-13,不要跌倒,Watch Your Step,5.11a,0,,,
龍洞,後門,LD-BACK-DOOR-14,後門人,Back Door Man,5.10c,0,,,
龍洞,後門,LD-BACK-DOOR-15,黑到爆,Hell Night,5.12d,0,龍洞後門B1 15.黑到爆 5.12d https://www.youtube.com/watch?v=fOO6eAAiGuY,,
龍洞,後門,LD-BACK-DOOR-16,RCC,,5.11d,1,龍洞後門B1 16.RCC 5.11d | https://www.youtube.com/watch?v=Q0vrCFxLoEM,,
龍洞,後門,LD-BACK-DOOR-17,蛋頭,Jeff,5.11a,3,,,
龍洞,後門,LD-BACK-DOOR-18,迴避,Sidestep,5.10a,0,,,
龍洞,後門,LD-BACK-DOOR-19,另一個懸岩,Another Overhang,5.9,0,,,
龍洞,後門,LD-BACK-DOOR-20,蛋頭小裂隙,Jeff's RP Crack,5.10a,0,,,
龍洞,後門,LD-BACK-DOOR-21,斜板A,"Slab, Eh",5.6,0,,,
龍洞,後門,LD-BACK-DOOR-22,觀浪,Cresting Wave,5.7,0,,,
龍洞,後門,LD-BACK-DOOR-23,黏搭搭,Slabby,5.9,0,,,
龍洞,後門,LD-BACK-DOOR-24,斜板海,Slab Sea,5.8,0,,,
龍洞,後門,LD-BACK-DOOR-25,斜板D,Slab Dee,5.9,0,,,
龍洞,後門,LD-BACK-DOOR-26,斷齒 (原名：斷牙),Flying Teeth,5.10b,0,,,
龍洞,後門,LD-BACK-DOOR-27,熱水器,Water Heater Route,5.8,0,,,
龍洞,後門,LD-BACK-DOOR-28,V字倒影,Mirrored Vee,5.9,0,,,
龍洞,後門,LD-BACK-DOOR-29,裂隙面,Crackface,5.9,0,,,
龍洞,後門,LD-BACK-DOOR-30,內角五十五,Dihedral Fifty-Five,5.5,0,,,
龍洞,後門,LD-BACK-DOOR-31,鐮刀,Sickle,5.7,0,,,
龍洞,後門,LD-BACK-DOOR-32,懸岩外角,Hanging Arête,5.10b,0,,,
龍洞,後門,LD-BACK-DOOR-33,開發中的抱石,Boulder Project,5.??,0,,,
龍洞,後門,LD-BACK-DOOR-34,笑裡藏刀,Two-Faced,5.11b,0,,,
龍洞,後門,LD-BACK-DOOR-35,騙人的拳頭,Cheating Fists,5.8,0,,,
龍洞,後門,LD-BACK-DOOR-36,後門拳頭裂隙,Backdoor Fistcrack,5.10d,0,,,
龍洞,後門,LD-BACK-DOOR-37,岩面,Face,5.8,1,"Dimple Face (F7b+), Tung Lung, Hong Kong Climbing Ft. Dahlia Wong | https://www.youtube.com/watch?v=QTv1o6HL0rE",,
龍洞,後門,LD-BACK-DOOR-38,散步路線,Scramble,5.4,0,,,
龍洞,後門,LD-BACK-DOOR-39,簡單路線,Lowdown,5.4,0,,,
龍洞,後門,LD-BACK-DOOR-40,湖邊路線,Lakeside,5.5,0,,,
龍洞,後門,LD-BACK-DOOR-41,龍柱,Dragon Pole,5.9,0,,,
龍洞,後門,LD-BACK-DOOR-42,地下居民,Cellar Dweller,5.10b,0,,,
龍洞,後門,LD-BACK-DOOR-43,別撈過界,Don't Cross the Line,5.12a,1,龍洞後門-「別撈過界」5.12A | https://www.youtube.com/watch?v=h5ABf4d0h38,,
龍洞,後門,LD-BACK-DOOR-44,地下室角落,Basement Corner,5.6,0,,,
龍洞,後門,LD-BACK-DOOR-45,冤家宜解不宜結,Olive Branch,5.12a,0,,,
龍洞,後門,LD-BACK-DOOR-46,誰騙了誰？,Who Fooled Who?,5.11a,0,"龍洞攀岩 後門/誰騙了誰        https://www.youtube.com/watch?v=VEpHY4nmI_k
龍洞 - 後門 - 誰騙了誰        https://www.youtube.com/watch?v=hwimHJc4ldw
Who Foold Who? (5.11a) @BackDoor in 龍洞(ロンドン) 台湾	https://www.youtube.com/watch?v=5a1vXmoDsAY",,
龍洞,後門,LD-BACK-DOOR-47,Vita,,5.11d,0,,,
龍洞,後門,LD-BACK-DOOR-48,Yum Yum,,5.11b,0,,,
龍洞,後門,LD-BACK-DOOR-49,大家的福利,Everybody's Welfare,5.11a,1,20191117 大為@後門 大家的福利 | https://www.youtube.com/watch?v=efo4fW-Amho,,
龍洞,後門,LD-BACK-DOOR-50,誰與爭鋒,Incomparable,5.13a,4,"誰與爭鋒3rd crux 龍洞 後門 20180404 170244 | https://www.youtube.com/watch?v=MVYOH8AP0W0
誰與爭鋒1st crux 龍洞 後門 20180404 165216 | https://www.youtube.com/watch?v=ywjh53wq7Yg
誰與爭鋒5.13b 小魏 | https://www.youtube.com/watch?v=kHgFxM6cDqc
誰與爭鋒3rd crux 龍洞 後門 20180404 170106 | https://www.youtube.com/watch?v=qOgKMfvOjtk
https://www.youtube.com/watch?v=lHdMwrWGuTE",,
龍洞,後門,LD-BACK-DOOR-51,笑傲江湖,Xiao Ao Jiang Hu,5.12b,1,"Xiao Ao Jiang Hu 5.12c 龍洞 | https://www.youtube.com/watch?v=BW7i8i3S154
龍洞 - 後門 - 笑傲江湖        https://www.youtube.com/watch?v=5PJ3o2sYu_c
龍洞-笑傲江湖        https://www.youtube.com/watch?v=yUC7Vsg8f0I
笑傲江湖5.12c/梓育        https://www.youtube.com/watch?v=zQ2Q8gAWHLI",,
龍洞,後門,LD-BACK-DOOR-52,Happy Ending,,5.13a,1,Happy Ending by Alex 5.13a/b | https://www.youtube.com/watch?v=XKr348fBZrI,,
龍洞,後門,LD-BACK-DOOR-53,倩女驚魂,Phantom Fright,5.10b,0,,,
龍洞,後門,LD-BACK-DOOR-54,高檔快扣,High Class Quickdraw,5.10d,1,20160508 高檔快扣未完成 | https://www.youtube.com/watch?v=jC47QA-jqD8,,
龍洞,後門,LD-BACK-DOOR-55,饅頭,Mantel,5.12b,0,,,
龍洞,後門,LD-BACK-DOOR-56,扭來扭去,Twisting,5.12a,3,"龍洞 - 後門 - 扭來扭去(5.12a/7a+) | https://www.youtube.com/watch?v=4NxpLqLv4pg
龍洞攀岩 後門/扭來扭去 | https://www.youtube.com/watch?v=fTJtaVcZZAE
龍洞攀岩-扭來扭去 | https://www.youtube.com/watch?v=eIc14AAI4LA
龍洞扭來扭去12A  RP	https://www.youtube.com/watch?v=mnMt1yNrX4I",,
龍洞,後門,LD-BACK-DOOR-57,好人阿郎,Good Guy A-Lang,5.11c,1,"龍洞 - 後門 - 好人阿郎(5.11c/6b) | https://www.youtube.com/watch?v=gaN-UMvPkIU
龍洞後門信宏示範好人阿郎	https://www.youtube.com/watch?v=eM6qZbCblfY",,
龍洞,後門,LD-BACK-DOOR-58,一步難,0ne Tough Move,5.12a,0,,,
龍洞,後門,LD-BACK-DOOR-59,赤頭,Redhead,5.11a,5,"赤頭 5.11a 龍洞後門 | https://www.youtube.com/watch?v=LoxbghoQ_EA
龍洞 - 後門 - 赤頭(5.11a) | https://www.youtube.com/watch?v=YFd3goWaVKQ
龍洞攀岩-赤頭 | https://www.youtube.com/watch?v=tvqsa10Etvw
蔡導「赤頭」5.11a | https://www.youtube.com/watch?v=SnOcRNlcKgI
龍洞 - 後門 「赤頭」 | https://www.youtube.com/watch?v=w-bW7oGGmPo
龍洞 後門 刺頭 正上版本	https://www.youtube.com/watch?v=c-dh238zVUY",,
龍洞,後門,LD-BACK-DOOR-60,教練示範,Coach Demonstrates,5.12b,1,龍洞 - 後門 - 教練示範(5.12b/7b) | https://www.youtube.com/watch?v=rwG-ZHyUo0M,,
龍洞,後門,LD-BACK-DOOR-61,落大石,Big Rock Falling,5.12a,5,"龍洞 - 後門 - 落大石（5.12a/7a+) | https://www.youtube.com/watch?v=hCj7mDJK4QU
攀岩 龍洞 後門 /落大石 2018/09/02 | https://www.youtube.com/watch?v=fBKpU60QPD8
龍洞後門郎爸示範落大石 | https://www.youtube.com/watch?v=RHpXPXQvulQ
落大石2 倍聰 | https://www.youtube.com/watch?v=ZBMThWZFku0
落大石1 倍聰 | https://www.youtube.com/watch?v=oJvsdYf5lEo",,
龍洞,後門,LD-BACK-DOOR-62,火龍,Dragon with Matches,5.10b,0,,,
龍洞,後門,LD-BACK-DOOR-63,哈雷,Harley-Davidson,5.10d,2,,,
龍洞,後門,LD-BACK-DOOR-64,機車,Motorcycle,5.12c,3,"龍洞 後門 機車 5.12C | https://www.youtube.com/watch?v=RDVstk8Teyg
攀岩 龍洞 後門/機車 | https://www.youtube.com/watch?v=NqvSHcEM1e8
20210207 龍洞 後門 機車 | https://www.youtube.com/watch?v=LKGMIqwRl7k
龍洞 - 後門 - 機車	https://www.youtube.com/watch?v=GIhKhg_m-UI",,
龍洞,後門,LD-BACK-DOOR-65,新法拉利,New Ferrari,5.11c,5,"龍洞 - 後門 - 新法拉利(5.11c) | https://www.youtube.com/watch?v=zwAg2ioQpXU
游健郎on新法拉利(5.11C, 龍洞後門) | https://www.youtube.com/watch?v=IhyA3Xpxo98
龍洞 新法拉利（5.11c) | https://www.youtube.com/watch?v=5Rh9HnacS4E
龍洞「新法拉利」5.11c | https://www.youtube.com/watch?v=cLFDJJgvlGk
小魏-新法拉利5.11c | https://www.youtube.com/watch?v=UNfMMr71vh8
龍洞 - 後門 - 新法拉利(QD)	https://www.youtube.com/watch?v=4X6UMCQ2V8g",,
龍洞,後門,LD-BACK-DOOR-66,就是5點13,Just Five-Thirteen,5.10b,0,,,
龍洞,後門,LD-BACK-DOOR-67,牛仔外角,Cowboy Arête,5.10a,0,,,
龍洞,後門,LD-BACK-DOOR-68,牛仔小丑,Rodeo Clown,5.10a,0,,,
龍洞,後門,LD-BACK-DOOR-69,迷迷之鎮,Loose on the Town,5.9,0,,,
龍洞,後門,LD-BACK-DOOR-70,橫行霸道,Crabwalk,5.11d,0,,,
龍洞,後門,LD-BACK-DOOR-71,小翔三連敗,Hsiao Shiang's Third Strike,5.12b,0,,,
龍洞,後門,LD-BACK-DOOR-72,橫渡地下室,Basement Traverse,5.10c,0,,,
龍洞,後門,LD-BACK-DOOR-73,寄居蟹,Hermit Crab,5.9,1,Longdong影片 老人牆寄居蟹 (5.9) | https://www.youtube.com/watch?v=23IXfJS5nEE,,
龍洞,後門,LD-BACK-DOOR-74,寄居蟹二,Hermit Crab P2,5.9,0,,,
龍洞,後門,LD-BACK-DOOR-75,應該是,Hey Hey Hey,5.11c,0,,,
龍洞,後門,LD-BACK-DOOR-76,獅子后 P1,Lion Queen,5.10c,0,,,
龍洞,後門,LD-BACK-DOOR-77,獅子后二 (P2),Lion Queen P2,5.7,0,,,
龍洞,後門,LD-BACK-DOOR-78,熔岩孔,Lava Tube,5.10d,0,,,
龍洞,後門,LD-BACK-DOOR-79,鳥巢,Bird's Nest,5.10d,1,,,
龍洞,後門,LD-BACK-DOOR-80,鷹巢,Eagle's Aerie,5.10b,0,,,
龍洞,後門,LD-BACK-DOOR-81,正上,Straight Up,5.11c,2,"龍洞 - 老人牆 - 正上(5.11c/6b) | https://www.youtube.com/watch?v=wXLl0jKmrWY
龍洞 後門 刺頭 正上版本 | https://www.youtube.com/watch?v=c-dh238zVUY",,
龍洞,後門,LD-BACK-DOOR-82,矮子兩步遠,Napoleon's Reach,5.12b,1,龍洞 - 老人牆 - 矮子兩步遠(5.12b/7b) | https://www.youtube.com/watch?v=RrnIw3_9AxM,,
龍洞,後門,LD-BACK-DOOR-83,高個伸手抓,Taller Reach,5.12c,0,,,
龍洞,後門,LD-BACK-DOOR-84,鷹扣,Eagle Undercling,5.12c,0,,,
龍洞,後門,LD-BACK-DOOR-85,無人完攀,Project,5.??,0,,,
龍洞,後門,LD-BACK-DOOR-86,娶某前生子後,Marry the Empress,5.12d,0,,,
龍洞,後門,LD-BACK-DOOR-87,誰怕誰,Who's Afraid of Whom?,5.12c,0,,,
龍洞,後門,LD-BACK-DOOR-88,妾身未明,Ambiguous,5.12c,1,龍洞後門 妾身未明 | https://www.youtube.com/watch?v=yhjgZdHAlsc,,
龍洞,後門,LD-BACK-DOOR-89,同手同腳,Dyspraxia,5.12c,1,"龍洞 攀岩 後門破碎面(老人牆)/同手同腳 | https://www.youtube.com/watch?v=OUOWYMu9PLA
同手同腳 正上NG版	https://www.youtube.com/watch?v=BzTBOPamJok",,
龍洞,後門,LD-BACK-DOOR-90,年度代表作,Best Performer,5.13b,0,年度代表作(宛怡)	https://www.youtube.com/watch?v=vdr5jFWL_dU,,
龍洞,後門,LD-BACK-DOOR-91,心臟很大顆,Big Heart,5.12b,1,攀岩 龍洞 後門老人牆/心臟很大顆 | https://www.youtube.com/watch?v=vxNh1wvfVx8,,
龍洞,後門,LD-BACK-DOOR-92,無名,Unknown,5.10d,0,,,
龍洞,後門,LD-BACK-DOOR-93,三腳狗,Three-Legged Dog,5.7,0,,,
龍洞,後門,LD-BACK-DOOR-93.1,五腳狗 (三腳狗延伸),Five-Legged Dog,5.7,0,,,
龍洞,後門,LD-BACK-DOOR-94,各顯神通,Show Them Your Best,5.10a,0,,,
龍洞,後門,LD-BACK-DOOR-95,沉思,Deep Thought,5.12c,0,,,
龍洞,後門,LD-BACK-DOOR-96,兩難,Rock and a Hard Place,5.11d,0,,,
龍洞,後門,LD-BACK-DOOR-97,吸星大法,Shi Hsing Da Fa,5.11c,1,龍洞後門鱷魚岬97. 吸星大法 5.11c | https://www.youtube.com/watch?v=pqAZ-Gs7QuU,,
龍洞,後門,LD-BACK-DOOR-98.1,天天天藍,Sky Blue Sky,5.10b,0,,,
龍洞,後門,LD-BACK-DOOR-98.2,三腳貓,Three Legged Cat,5.12?,0,,,
龍洞,後門,LD-BACK-DOOR-99,美好的懸岩,Perfectly Overhung,5.10d,0,,,
龍洞,後門,LD-BACK-DOOR-100,龍潭,Dragon Pool,5.7,0,,,
龍洞,後門,LD-BACK-DOOR-100.1,遺落的視界 | P1 (未收錄),Lost World | P1 (Unlisted),5.9,0,,,
龍洞,後門,LD-BACK-DOOR-100.2,遺落的視界 | P2 (未收錄),Lost World | P2 (Unlisted),5.6,0,,,
龍洞,後門,LD-BACK-DOOR-100.3,虎井 (未收錄),Hujing (Unlisted),5.10a,0,,,
龍洞,長巷,LD-LONG-LANE-421,宇宙邊緣,Edge of the Universe,5.10d,0,,,
龍洞,長巷,LD-LONG-LANE-422,黑洞偏左,Black Hole Left,5.11a,0,,,
龍洞,長巷,LD-LONG-LANE-423,黑洞,Black Hole,5.11d,0,,,
龍洞,長巷,LD-LONG-LANE-424,天梯內角,Sky Ladder Dihedral,5.9,0,,,
龍洞,長巷,LD-LONG-LANE-425,倒走天梯 (舊：牛奶小子),Sky Ladder (Milky Boy),5.10b,0,"20180318 龍洞長巷 倒走天梯        https://www.youtube.com/watch?v=G2U4N23jma0
攀岩 龍洞 長巷/倒走天梯        https://www.youtube.com/watch?v=cnHiMlaCp7Y
龍洞 長巷 倒走天梯 攀岩小紀錄        https://www.youtube.com/watch?v=rePyV-mdkd4        戶外江      ",,
龍洞,長巷,LD-LONG-LANE-426,非想 (又名：八仙過海),Inconceivable,5.11a,1,"攀岩 龍洞 長巷/非想 | https://www.youtube.com/watch?v=PWezXmks0oM
",,
龍洞,長巷,LD-LONG-LANE-427,發想,Plausible,5.10b,0,,,
龍洞,長巷,LD-LONG-LANE-428,香蕉芭樂 (又名：犀牛角),Guava Banana,5.11c,0,,,
龍洞,長巷,LD-LONG-LANE-429,犀牛內角,Rhino Dihedral,5.11b,1,龍洞 攀岩 長巷 犀牛內角 5.11b | https://www.youtube.com/watch?v=rjYEQ6oV1h0,,
龍洞,長巷,LD-LONG-LANE-430,金門斜板,Golden Gate Slab,5.8,1,龍洞 5.8 內傾 金門斜板 | https://www.youtube.com/watch?v=L9cGQqPu2Kw,,
龍洞,長巷,LD-LONG-LANE-431,金門天花板,Golden Gate Roof,5.12b,0,,,
龍洞,長巷,LD-LONG-LANE-432,限制級,Rated R,5.12b,0,,,
龍洞,長巷,LD-LONG-LANE-433,輔導級,Rated PG,5.12a,0,,,
龍洞,長巷,LD-LONG-LANE-434,普通級,Rated G,5.11c,1,龍洞 長巷 普通級 11c 阿顯rp | https://www.youtube.com/watch?v=iuK4WeKvuEE,,
龍洞,長巷,LD-LONG-LANE-435,消防梯,Fireman's Ladder,5.7,0,,,
龍洞,長巷,LD-LONG-LANE-436,美德牌坊,Virtues on a Street Sign,5.9,1,龍洞   5.9 長巷 第一人稱 美德牌坊 | https://www.youtube.com/watch?v=whhYkl1VRwc,,
龍洞,長巷,LD-LONG-LANE-437,忠孝,Zhongxiao,5.10a,0,,,
龍洞,長巷,LD-LONG-LANE-438,仁愛,Renai,5.10b,0,,,
龍洞,長巷,LD-LONG-LANE-439,信義,Xinyi,5.10b,0,,,
龍洞,長巷,LD-LONG-LANE-440,和平,Heping,5.10c,0,,,
龍洞,長巷,LD-LONG-LANE-441,杯弓蛇影,Fear Only Fear Itself,5.11a,0,,,
龍洞,長巷,LD-LONG-LANE-442,產道,Birth Canal,5.12a,0,,,
龍洞,長巷,LD-LONG-LANE-443,翻天手 (又名：非非想),Reach for the Sky,5.11b,0,"龍洞「翻天手」傳攀第一試	https://www.youtube.com/watch?v=jZnnS6XIVm8
龍洞「翻天手」傳攀	https://www.youtube.com/watch?v=JXjjh0vYtQw",,
龍洞,長巷,LD-LONG-LANE-444,長巷內角,Long Lang Dihedral,5.8,0,,,
龍洞,長巷,LD-LONG-LANE-445,危石,Long Lang Loose,5.8,0,,,
龍洞,長巷,LD-LONG-LANE-446,上馬,In the Saddle,5.11b,0,,,
龍洞,長巷,LD-LONG-LANE-447,四點不動,Four Points Frozen,5.11d,0,,,
龍洞,長巷,LD-LONG-LANE-448,天勾,Skyhook,5.11a,1,"100.06.18於龍洞趴趴先鋒凹洞懸岩&賴皮先鋒天勾.AVI | https://www.youtube.com/watch?v=EjQwWpNo-zU
20161224 龍洞 長巷 天鉤 5.11a        Sammy Chen   https://www.youtube.com/watch?v=pEX3978iL_Y
龍洞 長巷 天鉤 5.11子涵        https://www.youtube.com/watch?v=TQsT9yp0xJE
20161224 龍洞 長巷 天鉤 5.11a 俊延	Sammy Chen	https://www.youtube.com/watch?v=YZm8oJA8UFI",,
龍洞,長巷,LD-LONG-LANE-449,凹洞內角,Pocket Dihedral,5.9,0,,,
龍洞,長巷,LD-LONG-LANE-450,凹洞懸岩,Pocket Overhang,5.10a,1,龍洞 凹洞懸岩冒雨快速撤退 | https://www.youtube.com/watch?v=AIOCj00FWfk,,
龍洞,長巷,LD-LONG-LANE-451,四海一家,Family,5.11c,0,,,
龍洞,長巷,LD-LONG-LANE-452,五十二,Fifty-Two,5.12b,0,,,
龍洞,長巷,LD-LONG-LANE-453,阿飛,A-Fei,5.12b,0,,,
龍洞,長巷,LD-LONG-LANE-454,長巷岩角,Long Lang Arête,5.11c,0,,,
龍洞,長巷,LD-LONG-LANE-455,綠色和平,Greenpeace,5.7,1,,,
龍洞,長巷,LD-LONG-LANE-456,十字裂隙,Cross,5.9,0,,,
龍洞,長巷,LD-LONG-LANE-457,海之畫,Upon a Painted Ocean,5.9,0,,,
龍洞,長巷,LD-LONG-LANE-458,一刀屠龍,Slayer Direct,5.10c,0,,,
龍洞,長巷,LD-LONG-LANE-459,弒龍者,Dragonslayer,5.9,1,20210402 弒龍者 Crux 正解 | https://www.youtube.com/watch?v=KzqRil2kZSw,,
龍洞,長巷,LD-LONG-LANE-460,白龍夢,Dream of White Dragons,5.9,0,,,
龍洞,長巷,LD-LONG-LANE-461,橋八,Bridge Eight,5.8,0,,,
龍洞,長巷,LD-LONG-LANE-462,黃金內角,Golden Dihedral,5.7,0,,,
龍洞,長巷,LD-LONG-LANE-463,金手指,Goldfinger,5.9,0,,,
龍洞,長巷,LD-LONG-LANE-464,超級芭蕾舞,Super Ballet,5.12b,0,,,
龍洞,長巷,LD-LONG-LANE-465,橫渡獨木橋畔,Monobridge Traverse,5.11c,0,,,
龍洞,長巷,LD-LONG-LANE-466,蜻蜓,Dragonfly,5.7,0,,,
龍洞,長巷,LD-LONG-LANE-467,金魚藻,Snapdragon,5.6,0,,,
龍洞,黃金谷,LD-GOLDEN-VALLEY-101,裙舞,Lap Dance,5.8,0,,,
龍洞,黃金谷,LD-GOLDEN-VALLEY-102,拉斯塔法里海鳥,Rastafarian Seabirds,5.9,0,,,
龍洞,黃金谷,LD-GOLDEN-VALLEY-103,危險遊戲,Dangerous Games,5.10c,0,,,
龍洞,黃金谷,LD-GOLDEN-VALLEY-104,潛行者,Stalker,5.9,0,,,
龍洞,黃金谷,LD-GOLDEN-VALLEY-105,殺人狂,Psycho Killer,5.11d,1,,,
龍洞,黃金谷,LD-GOLDEN-VALLEY-106,匏瓜抓狂,BA Insanity,5.10a,0,,,
龍洞,黃金谷,LD-GOLDEN-VALLEY-107,語言學家,Cunning Linguist,5.10c,0,,,
龍洞,黃金谷,LD-GOLDEN-VALLEY-108,愛你久久,Love You Long Time,5.10c,0,,,
龍洞,黃金谷,LD-GOLDEN-VALLEY-109,魚骨秀,Fillet Show,5.8,1,Long Dong 109. 魚骨秀 Fillet Show 5.8 (Trad) | https://www.youtube.com/watch?v=3GJSv5uBtGs,,
龍洞,黃金谷,LD-GOLDEN-VALLEY-110,快樂收場,Happy Endings,5.9,0,,,
龍洞,黃金谷,LD-GOLDEN-VALLEY-111,貓的離場,The Cat’s Away,5.9,0,,,
龍洞,黃金谷,LD-GOLDEN-VALLEY-112,貓戰,Catfight,5.10c,0,,,
龍洞,黃金谷,LD-GOLDEN-VALLEY-113,弩砲,Catapult,5.10b,0,,,
龍洞,黃金谷,LD-GOLDEN-VALLEY-114.1,瞞天過海 | P1,Ocean’s Eleven | P1,5.10c,0,,,
龍洞,黃金谷,LD-GOLDEN-VALLEY-114.2,瞞天過海 | P2,Ocean’s Eleven | P2,5.10b,0,,,
龍洞,黃金谷,LD-GOLDEN-VALLEY-115.1,濕濕毛毛 | P1,Wet and Hairy | P1,5.10b,0,,,
龍洞,黃金谷,LD-GOLDEN-VALLEY-115.2,濕濕毛毛 | P2,Wet and Hairy | P2,5.11b,0,,,
龍洞,黃金谷,LD-GOLDEN-VALLEY-116.1,雙色 | P1,Bi Color | P1,5.10c,0,,,
龍洞,黃金谷,LD-GOLDEN-VALLEY-116.2,雙色 | P2,Bi Color | P2,5.11a,0,,,
龍洞,黃金谷,LD-GOLDEN-VALLEY-116.3,雙色 | P3,Bi Color | P3,5.10a,0,,,
龍洞,黃金谷,LD-GOLDEN-VALLEY-117.1,一起爬傳攀 | P1,Let’s Do the Trad | P1,5.6,0,,,
龍洞,黃金谷,LD-GOLDEN-VALLEY-117.2,一起爬傳攀 | P2,Let’s Do the Trad | P2,5.9,0,,,
龍洞,黃金谷,LD-GOLDEN-VALLEY-117.3,一起爬傳攀 | P3,Let’s Do the Trad | P3,5.7,0,,,
龍洞,黃金谷,LD-GOLDEN-VALLEY-118,前奏,Prelude,5.5,0,,,
龍洞,黃金谷,LD-GOLDEN-VALLEY-119,高潮,Climax,5.10c,1,Taiwan Rock Climbing : Climax/高潮 | https://www.youtube.com/watch?v=0kHu7Wj5CEs,,
龍洞,黃金谷,LD-GOLDEN-VALLEY-120,安可,Come Again,5.10b,0,,,
龍洞,黃金谷,LD-GOLDEN-VALLEY-121,舞進五月天,Tanz in Den Mai,5.10c,0,,,
龍洞,黃金谷,LD-GOLDEN-VALLEY-122,豆腐塔,Tofu Tower,5.10a,0,,,
龍洞,黃金谷,LD-GOLDEN-VALLEY-123.1,華西街 | P1,Snake Alley | P1,5.10b,0,,,
龍洞,黃金谷,LD-GOLDEN-VALLEY-123.2,華西街 | P2,Snake Alley | P2,5.10a,0,,,
龍洞,黃金谷,LD-GOLDEN-VALLEY-124,橘子之旅,Tangerine Trip,5.11a,0,,,
龍洞,黃金谷,LD-GOLDEN-VALLEY-125,柳橙汁,Orange Juice,5.12a,0,,,
龍洞,黃金谷,LD-GOLDEN-VALLEY-126,大南瓜,Great Pumpkin,5.11c,0,,,
龍洞,黃金谷,LD-GOLDEN-VALLEY-127.0,冷壽司,Cold Sushi,5.10c,0,,,
龍洞,黃金谷,LD-GOLDEN-VALLEY-128.0,珍珠項鍊,PearlNecklace,5.10a,0,,,
龍洞,黃金谷,LD-GOLDEN-VALLEY-129.0,需要檳榔,Bring the Betel Nut,5.12b,1,龍洞-黃金谷-浪之外-需要檳榔5.12b(Top Rope)2024/04/21 | https://www.youtube.com/watch?v=f4ulJQiY78Y,,
龍洞,黃金谷,LD-GOLDEN-VALLEY-130.0,黃金勇氣,Goldline,5.11a,0,2020/10/09 - 龍洞 - 黃金谷 | 黃金勇氣 - ZY首試	https://www.youtube.com/watch?v=-8sCc4rHyZ0	陳震宇	龍洞 黃金勇氣 優化版	https://www.youtube.com/watch?v=VqSDDEr4i-8	張賢正,,
龍洞,黃金谷,LD-GOLDEN-VALLEY-131.0,黃金浴,Golden Shower,5.9,0,,,
龍洞,黃金谷,LD-GOLDEN-VALLEY-132.0,黃金菊,Goldenrod,5.10b,0,,,
龍洞,黃金谷,LD-GOLDEN-VALLEY-133.0,金大支,Goldmember,5.9,0,,,
龍洞,黃金谷,LD-GOLDEN-VALLEY-134.0,黃金俱樂部,Gold Club,5.8,0,,,
龍洞,黃金谷,LD-GOLDEN-VALLEY-135.0,淘金客,Golddigger,5.10b,0,,,
龍洞,黃金谷,LD-GOLDEN-VALLEY-136.0,金光,Nugget,5.7,1,,,
龍洞,黃金谷,LD-GOLDEN-VALLEY-137.0,閃閃,Glitter,5.8,0,,,
龍洞,黃金谷,LD-GOLDEN-VALLEY-138.0,YumYum 斜板,YumYum Slab,5.10d,0,,,
龍洞,黃金谷,LD-GOLDEN-VALLEY-139.0,白臉 (舊：白面人),White-Faced Man,5.11b,0,,,
龍洞,黃金谷,LD-GOLDEN-VALLEY-140.0,黑臉 (舊：黑面人),Black-Faced Man,5.12a,1,"龍洞 - 黃金谷 - 黑臉 (Long Dong - Gold Valley - Black-Faced Man) | https://www.youtube.com/watch?v=VZRS6XCB2AQ
攀岩 龍洞 黃金谷/黑臉	https://www.youtube.com/watch?v=VSDncuuK6rs",,
龍洞,黃金谷,LD-GOLDEN-VALLEY-141.0,西岸,West Coast,5.9,0,,,
龍洞,黃金谷,LD-GOLDEN-VALLEY-142.0,我愛台灣,I Love Taiwan,5.9,0,,,
龍洞,黃金谷,LD-GOLDEN-VALLEY-143.0,東岸,East Coast,5.8,0,,,
龍洞,黃金谷,LD-GOLDEN-VALLEY-144.0,黑金,Black Gold,5.9,1,,,
龍洞,黃金谷,LD-GOLDEN-VALLEY-145.0,黑與棕,Black & Tan,5.8,0,,,
龍洞,黃金谷,LD-GOLDEN-VALLEY-146.0,黑魔法巫婆,Black Magic Woman,5.10b,0,,,
龍洞,黃金谷,LD-GOLDEN-VALLEY-147.0,明明呆不到,Just Dyno,5.12c,0,,,
龍洞,黃金谷,LD-GOLDEN-VALLEY-148.0,現實的制約,Conditional Reality,5.11b,0,,,
龍洞,黃金谷,LD-GOLDEN-VALLEY-149.0,大濟路線,TC Route,5.9,0,,,
龍洞,黃金谷,LD-GOLDEN-VALLEY-150.0,Thierry,,5.8,0,,,
龍洞,黃金谷,LD-GOLDEN-VALLEY-151.0,黃金傳奇,Golden Legend,5.13d,1,2018 0325 宛怡攀登黃金傳奇 | https://www.youtube.com/watch?v=Xum-7BS-XiY,,
龍洞,黃金谷,LD-GOLDEN-VALLEY-152.0,名不虛傳,The Real Legend,5.13a,6,"龍洞攀岩場＿名不虛傳 5.13a | https://www.youtube.com/watch?v=Jy0Jh6_XKFs
李光耀 嘗試 名不虛傳( The Real Legend 5.13a) uncut｜龍洞｜Rock Climbing Taiwan | https://www.youtube.com/watch?v=votbShRNHSc
名不虛傳 (The Real Legend)  5.13a 龍洞 | https://www.youtube.com/watch?v=mouzLVq_e9s
Taiwan Rock Climbing : The Real Legend/名不虛傳 (faling) | https://www.youtube.com/watch?v=mi1XqxzSdTs
思宇攀爬名不虛傳 龍洞 黃金谷 201608 | https://www.youtube.com/watch?v=wWY3409glyk
黃金谷 名不虛傳 5.13A | https://www.youtube.com/watch?v=B7bB1YykBbE
完攀名不虛傳(5.13A) by 小傑        https://www.youtube.com/watch?v=lcqv2t-Ux1I
2025/10/10 龍洞 黃金谷 名不虛傳        https://www.youtube.com/watch?v=cMatiQa5PM4",,
龍洞,黃金谷,LD-GOLDEN-VALLEY-153.0,無名氏,Mr. Anonymous,5.11d,5,"黃金谷｜盧明昱｜無名氏（5.11d）嘗試Onsight | https://www.youtube.com/watch?v=XlkYXJilScY
龍洞 - 黃金谷 - 無名氏(5.11d) | https://www.youtube.com/watch?v=GiRZwqzzjTU
攀岩 龍洞 黃金谷/無名氏 | https://www.youtube.com/watch?v=xzpdYg8TS-E
龍洞-黃金谷「無名氏」 | https://www.youtube.com/watch?v=TFW4we6123U
無名氏-黃金谷 | https://www.youtube.com/watch?v=z1XtLan79JI",,
龍洞,黃金谷,LD-GOLDEN-VALLEY-154.0,不方便,Inconvenient,5.11a,2,"黃金谷｜盧明昱｜不方便（5.11a） | https://www.youtube.com/watch?v=AtEapJneRv8
龍洞-黃金谷「不方便」	https://www.youtube.com/watch?v=qrFBdbXppFI",,
龍洞,黃金谷,LD-GOLDEN-VALLEY-155.0,非常不方便,Very Inconvenient,5.12a,1,KATE完攀非常不方便 。龍洞 黃金谷 | https://www.youtube.com/watch?v=wX6N9lR_zzQ,,
龍洞,黃金谷,LD-GOLDEN-VALLEY-156.0,方便,Convenient,5.9,0,,,
龍洞,黃金谷,LD-GOLDEN-VALLEY-157.0,迫不及待,No Time to Wait,5.13a,1,迫不及待 | https://www.youtube.com/watch?v=bFZNSC1GlBw,,
龍洞,黃金谷,LD-GOLDEN-VALLEY-158.0,楔石,Chockstone,5.12a,0,2014.04.06 小曼 RP 黃金谷 楔石 12A	https://www.youtube.com/watch?v=ih9WJOEkOwI,,
龍洞,黃金谷,LD-GOLDEN-VALLEY-159.0,防彈背心,Kevlar Vest,5.10d,0,,,
龍洞,黃金谷,LD-GOLDEN-VALLEY-160.0,細帶比基尼,String Bikini,5.11a,1,龍洞 黃金谷細帶比基尼路線 後段 | https://www.youtube.com/watch?v=8CyXQhdA_sQ,,
龍洞,黃金谷,LD-GOLDEN-VALLEY-161.0,丁字褲,Banana Hammock,5.10b,0,,,
龍洞,黃金谷,LD-GOLDEN-VALLEY-162.0,泳帽,Latex Cap,5.8,0,,,
龍洞,黃金谷,LD-GOLDEN-VALLEY-163.0,岩角,Dihedral,5.8,0,,,
龍洞,黃金谷,LD-GOLDEN-VALLEY-164.0,黃金,Gold,5.11d,6,龍洞黃金谷164.黃金5.11d傳攀 | https://www.youtube.com/watch?v=ZlEHP4i8Deo,,
龍洞,黃金谷,LD-GOLDEN-VALLEY-165.0,柳丁皮,Orange Peel,5.10a,0,,,
龍洞,黃金谷,LD-GOLDEN-VALLEY-166.0,熱身二,Warmup II,5.9,0,,,
龍洞,黃金谷,LD-GOLDEN-VALLEY-167.0,熱身一,Warmup I,5.8,0,,,
龍洞,黃金谷,LD-GOLDEN-VALLEY-168.0,入口8,Entrance Eight,5.8,0,,,
龍洞,黃金谷,LD-GOLDEN-VALLEY-169.0,繞著岩角走,Around the Corner,5.9,1,Long Dong - 169. Around The Corner 5.9 | https://www.youtube.com/watch?v=L8JiTCG-mCc,,
龍洞,黃金谷,LD-GOLDEN-VALLEY-170.0,團隊合作,Teamwork,5.10c,0,,,
龍洞,黃金谷,LD-GOLDEN-VALLEY-171.0,黃粱一夢,Aus der Traum,5.10b,0,,,
龍洞,黃金谷,LD-GOLDEN-VALLEY-172.0,黃粱一夢 (起攀變化版),Aus der Traum (var. start),5.10b,0,,,
龍洞,黃金谷,LD-GOLDEN-VALLEY-173.0,優勝美地的想像,Yosemite Crack,5.10a,0,,,
龍洞,黃金谷,LD-GOLDEN-VALLEY-174.0,決不,Never,5.11a,0,"黃金谷｜盧明昱｜絕不（5.11a）Onsight        https://www.youtube.com/watch?v=CDXxhGQZ8DY
黃金谷｜陳怡安｜絕不（5.11a）難關	https://www.youtube.com/watch?v=0AXERXfnB40",,
龍洞,黃金谷,LD-GOLDEN-VALLEY-175.0,龍船尾,Dragon’s Back,5.10b,0,,,
龍洞,黃金谷,LD-GOLDEN-VALLEY-176.0,美好的雨天,One Fine Rainy Day,5.7,0,,,
龍洞,黃金谷,LD-GOLDEN-VALLEY-177.0,開光點睛,Dripping Dragon,5.7,1,20250615 龍洞 No 177 開光點睛 Dripping Dragon 5.7 初探 | https://www.youtube.com/watch?v=jy1WcoNVRLs,,
龍洞,黃金谷,LD-GOLDEN-VALLEY-178.0,大廚,Smutje,5.6,0,龍洞傳攀 178.大廚	https://www.youtube.com/watch?v=Jn8KgFXChZQ,,
龍洞,黃金谷,LD-GOLDEN-VALLEY-179.0,龍船首,Dragon’s Nose,5.8,0,"20240421 龍洞 黃金谷 龍船岩 Dragon's Nose 右邊（Mao）        https://www.youtube.com/watch?v=DUl3ggY6lOE
20240421 龍洞 黃金谷 龍船岩 Dragon's Nose 右邊（Rex）	https://www.youtube.com/watch?v=ZrvGdhlkjic",,
龍洞,黃金谷,LD-GOLDEN-VALLEY-180.0,Quartzriss,,5.7,0,,,
龍洞,黃金谷,LD-GOLDEN-VALLEY-181.0,美好的晴天,One Fine Sunny Day,5.6,1,20250615 龍洞 No 181 美好的晴天 One Fine Sunny Day 5.6 初探 | https://www.youtube.com/watch?v=icQZXthbtMk,,
龍洞,黃金谷,LD-GOLDEN-VALLEY-182.0,留在船面上,Stay on the Dragon’s Face,5.8,0,,,
龍洞,黃金谷,LD-GOLDEN-VALLEY-183.0,史蒂芬的 13 號岩鞋,Stephan’s Size 13 Shoes,5.6,0,,,
龍洞,黃金谷,LD-GOLDEN-VALLEY-184.0,凹槽,Notch,5.6,1,,,
龍洞,黃金谷,LD-GOLDEN-VALLEY-185.0,套索,Lasso,5.7,0,,,
龍洞,黃金谷,LD-GOLDEN-VALLEY-186.0,幼龍,BabyDragon,5.4,0,,,
龍洞,黃金谷,LD-GOLDEN-VALLEY-187.0,尋情者,Cercatorid’emozioni,5.11c,0,,,
龍洞,黃金谷,LD-GOLDEN-VALLEY-188.0,雙子裂隙,Twin Cracks,5.5,0,,,
龍洞,黃金谷,LD-GOLDEN-VALLEY-189.0,Matt 的主意,Matt’s Idea,5.11c,0,,,
龍洞,黃金谷,LD-GOLDEN-VALLEY-190.0,松鼠情挑,Squirrel Lust,5.11d,0,,,
龍洞,黃金谷,LD-GOLDEN-VALLEY-191.0,大頂,Cima Grande,5.11d,0,,,
龍洞,黃金谷,LD-GOLDEN-VALLEY-192.0,艾福瑞多之罪 (無人完攀),Colpa d'alfredo (Project),5.??,0,,,
龍洞,黃金谷,LD-GOLDEN-VALLEY-193.0,南面,South Face,5.6,1,,,